{
    "pytorch": [
        0.017107245922088624,
        0.030924155712127685,
        0.03655755758285523,
        0.044637751579284665,
        0.05197373151779175,
        0.06514057636260986
    ],
    "onnx": [
        0.016949317455291747,
        0.03180505037307739,
        0.0645068645477295,
        0.08521744012832641,
        0.1072703218460083,
        0.1437407112121582
    ],
    "trt python": [
        0.01409454107284546,
        0.022207891941070555,
        0.025269339084625243,
        0.03374669551849365,
        0.04276057243347168,
        0.05665175676345825
    ],
    "trt fp16": [
        0.019919793605804443,
        0.03654074430465698,
        0.02960019826889038,
        0.037925314903259275,
        0.04788713693618774,
        0.06332292556762695
    ],
    "trt cpp": [
        0.0151921,
        0.0244713,
        0.0263629,
        0.034711,
        0.0426236,
        0.0577427
    ],
    "untuned tvm": [
        0.014287588596343994,
        0.02480442523956299,
        0.03348461389541626,
        0.04988945960998535,
        null,
        null
    ]
}
